domain,experiment,variant,seed,F1,ApexMAE,OnsetMAE,DurMAE,IntMAPE
elc,ar_ablation_v2,GD1_no_pos_mask,123.0,0.0,,,,
elc,ar_ablation_v2,GD1_no_pos_mask,42.0,0.0003578457684737878,0.0,0.0,0.0,0.1259259259259258
elc,ar_ablation_v2,GD1_no_pos_mask,456.0,0.0,,,,
elc,ar_ablation_v2,GD2_no_pos_smooth,123.0,0.7586518478359086,1.0295378751786566,1.1303001429252024,0.4885659838018104,0.10348858494413841
elc,ar_ablation_v2,GD2_no_pos_smooth,42.0,0.7424508426966291,1.2345708205249468,1.1747458027902578,0.6585481201229605,0.10613744696437302
elc,ar_ablation_v2,GD2_no_pos_smooth,456.0,0.7851069542647453,1.1534427724578202,1.1035111719106248,0.6388508891928865,0.100117399971336
elc,ar_ablation_v2,GD3_no_attr_weight,123.0,0.8070977773712613,0.9626019945602902,1.0321849501359928,0.5163191296464189,0.11107756776284271
elc,ar_ablation_v2,GD3_no_attr_weight,42.0,0.7923576063446287,1.0454959053685169,1.1426296633303004,0.4997725204731574,0.1267247168670115
elc,ar_ablation_v2,GD3_no_attr_weight,456.0,0.8023675205770832,0.9289995389580452,1.0544029506685109,0.4797141539880129,0.1150739516074954
elc,ar_ablation_v2,GD4_no_causal,123.0,0.23337363966142685,1.4293116210214656,4.46780162842339,0.6402664692820134,0.17282756012470435
elc,ar_ablation_v2,GD4_no_causal,42.0,0.15749918309552338,1.5421853388658369,15.112033195020746,0.5546334716459198,0.14956276580536632
elc,ar_ablation_v2,GD4_no_causal,456.0,0.15318050705935934,1.669970267591675,6.352824578790882,0.5064420218037661,0.12813620072670256
elc,arch_ablation_v2,G0_full,123.0,0.8023444544634806,1.1112609575185435,1.1180040458530007,0.5666441897055519,0.10227634428412265
elc,arch_ablation_v2,G0_full,42.0,0.7762769478486448,1.1364369670430974,1.1788430513943304,0.5498962894676193,0.10574508736168105
elc,arch_ablation_v2,G0_full,456.0,0.8042983334851107,1.0251358695652173,1.051856884057971,0.5070199275362319,0.09981790138209906
elc,arch_ablation_v2,GS1_wo_mempos,123.0,0.7293889427740058,1.1375725338491296,1.118955512572534,0.5645551257253385,0.11949561873238645
elc,arch_ablation_v2,GS1_wo_mempos,42.0,0.7223113964686999,1.1493827160493828,1.1496296296296296,0.5503703703703704,0.11946295187611569
elc,arch_ablation_v2,GS1_wo_mempos,456.0,0.7371517881768871,1.1197306061361936,1.1608880019955101,0.51334497380893,0.12165306202422384
elc,arch_ablation_v2,GS2_wo_sa,123.0,0.7433037674541143,1.0574196597353498,1.0916824196597354,0.5637996219281664,0.10306227738559133
elc,arch_ablation_v2,GS2_wo_sa,42.0,0.7745716862037871,1.2274738067520372,1.259604190919674,0.5154831199068685,0.1034683830535823
elc,arch_ablation_v2,GS2_wo_sa,456.0,0.7691335740072203,1.1333020417742314,1.1424548228115465,0.5376672142689509,0.10277510206270153
elc,arch_ablation_v2,GS3_bare,123.0,0.6875838026280504,1.077223088923557,1.1157046281851275,0.5075403016120645,0.12008323613849207
elc,arch_ablation_v2,GS3_bare,42.0,0.6853243500043189,1.175951600705823,1.125283589614318,0.5699521048651374,0.11318135697111413
elc,arch_ablation_v2,GS3_bare,456.0,0.775710964049365,1.0032280378141571,1.0915379294443164,0.48120820843901313,0.11602843049768377
elc,arch_ablation_v2,GS4_cnn,123.0,0.7777371595686347,1.1981198589894242,1.1687426556991773,0.5050528789659224,0.09926005207077339
elc,arch_ablation_v2,GS4_cnn,42.0,0.8017540654120225,1.201686417502279,1.1629443938012762,0.5157247037374658,0.10542515416587675
elc,arch_ablation_v2,GS4_cnn,456.0,0.7900808429466799,1.2287882271786617,1.2237295930098873,0.5109220510462176,0.10023679593093329
elc,arch_ablation_v2,GS4_lstm,123.0,0.789588245964085,1.2476453020905123,1.226280725936136,0.5189524465885597,0.09832541797898288
elc,arch_ablation_v2,GS4_lstm,42.0,0.7734260614934114,1.3170847136772361,1.2943681968764789,0.5151443445338382,0.09251485987745636
elc,arch_ablation_v2,GS4_lstm,456.0,0.6935556965467236,1.312598013591218,1.3761108207004704,0.5052273915316258,0.10131822382906912
elc,arch_ablation_v2,GS4_mlp,123.0,0.801466544454629,1.2127172918572735,1.192131747483989,0.5182982616651418,0.10421031229699032
elc,arch_ablation_v2,GS4_mlp,42.0,0.8022442972774098,1.196514560880532,1.2384774134372851,0.4907131391882596,0.10304545908293358
elc,arch_ablation_v2,GS4_mlp,456.0,0.7806094182825485,1.1629997634255973,1.2228530872959547,0.4679441684409747,0.10698569597889976
elc,arch_ablation_v2,GS4_scratch,123.0,0.7676527154501327,1.2825101407778574,1.2197566213314244,0.5602481507993319,0.09716171042752317
elc,arch_ablation_v2,GS4_scratch,42.0,0.8247898771589544,1.194400895856663,1.167973124300112,0.5135498320268757,0.09767609892915365
elc,arch_ablation_v2,GS4_scratch,456.0,0.7910120569967117,1.174133949191686,1.2122401847575057,0.4956120092378753,0.09717510340597464
elc,arch_ablation_v2,GS5_detr,123.0,0.5921084878686382,1.030905077262693,3.1647350993377485,0.5711920529801324,0.14403009790926613
elc,arch_ablation_v2,GS5_detr,42.0,0.5664554758755135,1.0464601769911503,7.380776794493609,0.5115535889872173,0.1272956253746282
elc,arch_ablation_v2,GS5_detr,456.0,0.5727927363807139,0.9740366220278764,3.840120251434818,0.5039628313746926,0.12190377262263528
elc,grid_search,w1,123.0,0.8008988764044943,1.0381593714927049,1.0668911335578002,0.500561167227834,0.1252391241027795
elc,grid_search,w1,42.0,0.8046738430398381,1.250400182940773,1.2526869426023326,0.5440201234850217,0.12578580539045595
elc,grid_search,w1,456.0,0.7781961628115474,1.0158986175115208,1.123963133640553,0.5368663594470046,0.12335359132503483
elc,grid_search,w2,123.0,0.7869318181818181,1.068817689530686,1.1098826714801444,0.575812274368231,0.12659322150276206
elc,grid_search,w2,42.0,0.8131424375917767,1.1399548532731376,1.169525959367946,0.5498871331828442,0.1220492806303402
elc,grid_search,w2,456.0,0.8139770114942528,0.9970628106642566,1.1098056936285585,0.4868956168097605,0.12738112114062725
elc,grid_search,w3,123.0,0.7757855494407954,1.074141876430206,1.094050343249428,0.5963386727688788,0.12397507794479774
elc,grid_search,w3,42.0,0.8020727306375497,1.1670512228887864,1.1642824180895246,0.5422242731887402,0.12631643146634502
elc,grid_search,w3,456.0,0.7855923830054792,1.090784358563915,1.185227532586325,0.526869426023325,0.1243277876735654
elc,grid_search,w4,123.0,0.7703611898016997,1.0618248678464721,1.0852677545391864,0.605148241783498,0.12422539242510108
elc,grid_search,w4,42.0,0.7900063827847177,1.1668975069252077,1.2082179132040627,0.567174515235457,0.13024237778429512
elc,grid_search,w4,456.0,0.8135840788752966,1.1530520646319569,1.1956912028725315,0.5565529622980251,0.12764340881233324
elc,grid_search,w6,123.0,0.7766903914590747,1.058877434135166,1.0916380297823596,0.6199312714776632,0.13186388354274756
elc,grid_search,w6,42.0,0.8061759029500964,1.132922936616507,1.1342909256725946,0.5971272229822161,0.12730930339458466
elc,grid_search,w6,456.0,0.7942940214428493,1.0610844200411804,1.1455044612216885,0.5669183253260124,0.1263777116994063
elc,grid_search,w8,123.0,0.7833647037734157,1.0732265446224256,1.097254004576659,0.6178489702517163,0.1372259548934503
elc,grid_search,w8,42.0,0.8037074424153438,1.1233158255309432,1.1116693308974652,0.6044759077414935,0.12825024634974116
elc,grid_search,w8,456.0,0.7970895861755344,1.0682336832496577,1.1410314924691922,0.5737106344135098,0.12736223293597057
elc,highweight,G0_hw,42.0,0.7900063827847177,1.1668975069252077,1.2082179132040627,0.567174515235457,0.13024237778429512
elc,hw_p1_ablation,G0_full,123.0,0.7703611898016997,1.0618248678464721,1.0852677545391864,0.605148241783498,0.12422539242510108
elc,hw_p1_ablation,G0_full,42.0,0.7900063827847177,1.1668975069252077,1.2082179132040627,0.567174515235457,0.13024237778429512
elc,hw_p1_ablation,G0_full,456.0,0.8135840788752966,1.1530520646319569,1.1956912028725315,0.5565529622980251,0.12764340881233324
elc,hw_p1_ablation,GP1a_wo_has_apex,123.0,0.7909880564603692,1.0299702585220774,1.0796156485929993,0.558453443148021,0.12205869280598498
elc,hw_p1_ablation,GP1a_wo_has_apex,42.0,0.7885703852473983,1.0347302616346377,1.0833526279231303,0.5195647140541793,0.12876288966470406
elc,hw_p1_ablation,GP1a_wo_has_apex,456.0,0.7728892055575347,1.218253053699009,1.2452177921179994,0.5644157640009219,0.12487642125275755
elc,hw_p1_ablation,GP1b_wo_distance,123.0,0.7528028933092223,1.1148210425174154,1.1731924093202017,0.5618544319000721,0.12641842302343598
elc,hw_p1_ablation,GP1b_wo_distance,42.0,0.763110307414105,1.1329383886255924,1.1440758293838862,0.5741706161137441,0.12499263428670927
elc,hw_p1_ablation,GP1b_wo_distance,456.0,0.7532794249775383,1.1638835877862594,1.1822519083969465,0.5732347328244275,0.12802636525138752
elc,hw_p1_ablation,GP1c_wo_phase,123.0,0.7573602232826147,1.1626248216833095,1.154303376129339,0.5675225867807894,0.12517031605084047
elc,hw_p1_ablation,GP1c_wo_phase,42.0,0.7885933644091033,1.1228558182661104,1.142790913305517,0.5331478905887808,0.12701023930680833
elc,hw_p1_ablation,GP1c_wo_phase,456.0,0.7830272775895881,1.2429417122040072,1.1837431693989071,0.5828779599271403,0.12664704353112488
elc,hw_p1_ablation,GP1d_wo_offset,123.0,0.7878572064452952,1.1455367231638418,1.135819209039548,0.5938983050847457,0.12803743581114324
elc,hw_p1_ablation,GP1d_wo_offset,42.0,0.8048758133993218,1.181279890685493,1.2350261899339559,0.5240264176725119,0.11622419982683026
elc,hw_p1_ablation,GP1d_wo_offset,456.0,0.7465381244522349,1.1251467480629256,1.129607889175863,0.5740784221648274,0.11786605488104232
elc,hw_p1_ablation,GP1e_generic_npp,123.0,0.7788363703635186,1.3859857482185274,1.2581947743467934,0.5767220902612826,0.12019548119633305
elc,hw_p1_ablation,GP1e_generic_npp,42.0,0.8015239477503628,1.2682209144409236,1.1604798551380715,0.5468537799909461,0.11342819882521082
elc,hw_p1_ablation,GP1e_generic_npp,456.0,0.8314296241709653,1.408154221138932,1.2563704852647906,0.5632616884555728,0.1134677057541575
elc,optimal_ablation,G0_full,123.0,0.7869318181818181,1.068817689530686,1.1098826714801444,0.575812274368231,0.12659322150276206
elc,optimal_ablation,G0_full,42.0,0.8131424375917767,1.1399548532731376,1.169525959367946,0.5498871331828442,0.1220492806303402
elc,optimal_ablation,G0_full,456.0,0.8139770114942528,0.9970628106642566,1.1098056936285585,0.4868956168097605,0.12738112114062725
elc,optimal_ablation,GD1_no_pos_mask,123.0,0.7580959122279242,0.9551820728291317,1.0009337068160598,0.5424836601307189,0.1178606317454604
elc,optimal_ablation,GD1_no_pos_mask,42.0,0.8278084714548802,1.2493882091212458,1.292547274749722,0.5007786429365962,0.12819176666179635
elc,optimal_ablation,GD1_no_pos_mask,456.0,0.8007386888273315,1.1270756457564575,1.1962638376383763,0.5680350553505535,0.1208657157865981
elc,optimal_ablation,GD2_no_pos_smooth,123.0,0.7315747962492333,0.9626257786296119,1.063727839003354,0.5306660277910877,0.1210859800954758
elc,optimal_ablation,GD2_no_pos_smooth,42.0,0.7680230984390507,1.1898496240601504,1.1343984962406015,0.6550751879699248,0.12693070028413803
elc,optimal_ablation,GD2_no_pos_smooth,456.0,0.7812836141986375,1.0933914639743,1.0949977053694355,0.5901789811840293,0.12741774144618626
elc,optimal_ablation,GD3_no_attr_weight,123.0,0.7869318181818181,1.068817689530686,1.1098826714801444,0.575812274368231,0.12659322150276206
elc,optimal_ablation,GD3_no_attr_weight,42.0,0.8131424375917767,1.1399548532731376,1.169525959367946,0.5498871331828442,0.1220492806303402
elc,optimal_ablation,GD3_no_attr_weight,456.0,0.8139770114942528,0.9970628106642566,1.1098056936285585,0.4868956168097605,0.12738112114062725
elc,optimal_ablation,GD4_no_causal,123.0,0.13480368856355165,1.5966149506346967,5.231311706629055,1.385049365303244,0.2408827989583947
elc,optimal_ablation,GD4_no_causal,42.0,0.1327883893569105,1.7097989949748744,9.958542713567839,1.479899497487437,0.14492203485500232
elc,optimal_ablation,GD4_no_causal,456.0,0.1618458820931773,1.6834924965893587,29.95361527967258,0.6330150068212824,0.14451008834048035
elc,optimal_ablation,GP1a_wo_has_apex,123.0,0.8218727139722019,0.9824210057854917,1.06964842011571,0.5037828215398309,0.1214786161035254
elc,optimal_ablation,GP1a_wo_has_apex,42.0,0.7817028985507246,1.020162224797219,1.0996523754345306,0.5158748551564311,0.1268191551146228
elc,optimal_ablation,GP1a_wo_has_apex,456.0,0.7722966934763181,1.0305484841471881,1.0786854894700302,0.5278870631798195,0.12152592210295912
elc,optimal_ablation,GP1b_wo_distance,123.0,0.7574306622097751,1.0255248091603053,1.0997137404580153,0.5524809160305344,0.12710299846087006
elc,optimal_ablation,GP1b_wo_distance,42.0,0.7672875965470242,1.0900047370914259,1.1892468024632876,0.49313121743249644,0.12397737120644141
elc,optimal_ablation,GP1b_wo_distance,456.0,0.7315436241610739,1.006277160791888,1.088604538870111,0.5526315789473685,0.12898659546459842
elc,optimal_ablation,GP1c_wo_phase,123.0,0.796593094605733,1.0662221200275925,1.1266957921361231,0.5304667739710278,0.12707855487343991
elc,optimal_ablation,GP1c_wo_phase,42.0,0.8018652281247143,1.0752565564424172,1.0896237172177878,0.5436716077537058,0.12527903252729058
elc,optimal_ablation,GP1c_wo_phase,456.0,0.8017756840007249,1.1780790960451977,1.192316384180791,0.5489265536723164,0.12143632624581611
elc,optimal_ablation,GP1d_wo_offset,123.0,0.7938208768640056,1.04859392575928,1.1023622047244095,0.5075365579302588,0.12367333786842889
elc,optimal_ablation,GP1d_wo_offset,42.0,0.8198734989458244,1.0805008944543828,1.1288014311270125,0.5080500894454383,0.1159576580089937
elc,optimal_ablation,GP1d_wo_offset,456.0,0.7362560890744607,1.0940453686200378,1.1446124763705103,0.5356805293005671,0.11715907176684856
elc,optimal_ablation,GP1e_generic_npp,123.0,0.7809716227385436,1.3191439322671683,1.2761053621825023,0.5609125117591721,0.11675126172092753
elc,optimal_ablation,GP1e_generic_npp,42.0,0.8149430523917996,1.1864937388193202,1.1945438282647585,0.5091681574239714,0.11065433892340655
elc,optimal_ablation,GP1e_generic_npp,456.0,0.8290126861555431,1.2497227766688845,1.1858505211798624,0.5205145265025505,0.11129151850128469
elc,optimal_ablation,GS1_wo_mempos,123.0,0.6997154135683468,1.0089215429021254,1.106008921542902,0.5429021254263973,0.13078769612593497
elc,optimal_ablation,GS1_wo_mempos,42.0,0.6595150094654286,1.1585565882996174,1.192454893384363,0.5366320393657736,0.12647450093540324
elc,optimal_ablation,GS1_wo_mempos,456.0,0.6948069980560956,1.100452970956568,1.1537436717292833,0.5227817745803357,0.12753991379646293
elc,optimal_ablation,GS2_wo_sa,123.0,0.7464553060325848,1.0127418593676263,1.048135913166588,0.5689004247286455,0.128657785009195
elc,optimal_ablation,GS2_wo_sa,42.0,0.7777077518681913,1.1442463533225284,1.1518870108821486,0.5730493169715212,0.13710490989789642
elc,optimal_ablation,GS2_wo_sa,456.0,0.8088678040324788,1.182043762688924,1.2219715768102866,0.5792916760658696,0.13017629130390448
elc,optimal_ablation,GS3_bare,123.0,0.707151774567505,1.2025220680958386,1.178562421185372,0.6131147540983607,0.13169293653328037
elc,optimal_ablation,GS3_bare,42.0,0.6856635596981803,1.2571206628689797,1.2879337131020197,0.5507509062661833,0.1309460433641142
elc,optimal_ablation,GS3_bare,456.0,0.7106734096353473,1.1637952559300875,1.2247191011235956,0.5186017478152309,0.12958929101906053
elc,optimal_ablation,GS4_cnn_fix,123.0,0.4763754045307444,1.385529891304348,1.494904891304348,0.5132472826086957,0.13248285544056596
elc,optimal_ablation,GS4_cnn_fix,42.0,0.4856049259444167,1.3745716244002741,1.4931459904043867,0.4828649760109664,0.15016659671630872
elc,optimal_ablation,GS4_cnn_fix,456.0,0.6147773105638034,1.1566164154103853,1.2493020658849805,0.48380792853154664,0.16190218023113093
elc,optimal_ablation,GS4_cnn,123.0,0.4763754045307444,1.385529891304348,1.494904891304348,0.5132472826086957,0.13248285544056596
elc,optimal_ablation,GS4_cnn,42.0,0.4856049259444167,1.3745716244002741,1.4931459904043867,0.4828649760109664,0.15016659671630872
elc,optimal_ablation,GS4_cnn,456.0,0.6147773105638034,1.1566164154103853,1.2493020658849805,0.48380792853154664,0.16190218023113093
elc,optimal_ablation,GS4_lstm_fix,123.0,0.569278510473235,1.1695284818751703,1.2019623875715453,0.5254837830471518,0.12366710897839628
elc,optimal_ablation,GS4_lstm_fix,42.0,0.6686547916498751,1.0332690453230473,1.0537608486017358,0.5250723240115719,0.11854340185063864
elc,optimal_ablation,GS4_lstm_fix,456.0,0.6303945993731416,1.0369709331973482,1.1137174910759817,0.5010198878123406,0.11998352290728227
elc,optimal_ablation,GS4_lstm,123.0,0.569278510473235,1.1695284818751703,1.2019623875715453,0.5254837830471518,0.12366710897839628
elc,optimal_ablation,GS4_lstm,42.0,0.6686547916498751,1.0332690453230473,1.0537608486017358,0.5250723240115719,0.11854340185063864
elc,optimal_ablation,GS4_lstm,456.0,0.6303945993731416,1.0369709331973482,1.1137174910759817,0.5010198878123406,0.11998352290728227
elc,optimal_ablation,GS4_scratch,123.0,0.8323292242098433,1.179064587973274,1.2189309576837417,0.4806236080178174,0.10662375896562573
elc,optimal_ablation,GS4_scratch,42.0,0.814006366530241,1.204245810055866,1.1651396648044692,0.5135195530726256,0.10810448726285052
elc,optimal_ablation,GS4_scratch,456.0,0.7831181909731758,1.1980360065466449,1.1559504325461771,0.5211596913724573,0.10875576622006304
elc,optimal_ablation,GS5_detr,123.0,0.6544677212483968,1.0007839038411288,1.6090932845570944,0.5145022210608832,0.14571352948088667
elc,optimal_ablation,GS5_detr,42.0,0.5852210061932638,1.0115975645114526,2.137431139460713,0.7065816178602493,0.1292805517575392
elc,optimal_ablation,GS5_detr,456.0,0.5539287457296243,1.0161527165932451,2.144199706314244,0.5348017621145374,0.12890250810094583
elc,p1_ablation,GP1a_wo_has_apex,123.0,0.8016747064712841,1.0547229791099,1.1130790190735695,0.49659400544959126,0.1014862980887913
elc,p1_ablation,GP1a_wo_has_apex,42.0,0.808588396528095,1.1265536723163843,1.1459887005649718,0.5206779661016949,0.10635792689552674
elc,p1_ablation,GP1a_wo_has_apex,456.0,0.8051684356252885,1.145346171480972,1.080467675378267,0.5341586428243925,0.10330713952937755
elc,p1_ablation,GP1b_wo_distance,123.0,0.7968376539805111,1.0680664513151823,1.1091370558375635,0.48500230733733274,0.10107270485486075
elc,p1_ablation,GP1b_wo_distance,42.0,0.7492210451348704,1.143773764258555,1.1720532319391634,0.5432509505703422,0.10441573930963843
elc,p1_ablation,GP1b_wo_distance,456.0,0.7763543191800879,1.0973597359735974,1.1254125412541254,0.5198019801980198,0.10232679234922888
elc,p1_ablation,GP1c_wo_phase,123.0,0.767696730147323,1.1598408612216242,1.179265153288088,0.5251579686402995,0.10022241533850702
elc,p1_ablation,GP1c_wo_phase,42.0,0.772599764727174,1.0871398453970484,1.1543687046146638,0.5057390489576014,0.10643857770294243
elc,p1_ablation,GP1c_wo_phase,456.0,0.7946613761385156,1.026327734906945,1.0340444847934636,0.5034044484793464,0.10212259381691399
elc,p1_ablation,GP1d_wo_offset,123.0,0.8008658008658007,1.0222972972972972,1.070045045045045,0.4990990990990991,0.1032632486890672
elc,p1_ablation,GP1d_wo_offset,42.0,0.7779767233661594,1.1086306098964327,1.1327963176064442,0.5054085155350978,0.10237377991323734
elc,p1_ablation,GP1d_wo_offset,456.0,0.7443820224719101,1.0549528301886792,1.084198113207547,0.5158018867924529,0.10216861718699805
elc,p1_ablation,GP1e_generic_npp,123.0,0.8051088854176238,1.240812599863045,1.2038347409267292,0.5338963706916229,0.09965413860994339
elc,p1_ablation,GP1e_generic_npp,42.0,0.8292994794045118,1.1566079295154186,1.1812775330396477,0.5096916299559472,0.1009247244809726
elc,p1_ablation,GP1e_generic_npp,456.0,0.7764317180616741,1.2342789598108748,1.1990543735224586,0.5328605200945626,0.1015558334296151
elc,posreg,G0_posreg,123.0,0.7688900699796262,1.0442396313364055,1.0755760368663594,0.5626728110599079,0.12367346255656436
elc,posreg,G0_posreg,42.0,0.808043194935766,1.0705069124423963,1.1244239631336406,0.48110599078341015,0.12242224293305211
elc,posreg,G0_posreg,456.0,0.7888147674312347,1.1596385542168675,1.2351714550509731,0.5294253938832252,0.12271850149764266
elc,pred168,E5_full,123.0,0.7382618913809841,1.04719723183391,1.0514878892733563,0.5998615916955017,0.10652279137804642
elc,pred168,E5_full,42.0,0.7603548742716153,1.1031483015741508,1.1275890637945318,0.5495719414526374,0.11143488407276247
elc,pred168,E5_full,456.0,0.8095084782142091,1.138273896327721,1.1392019090547527,0.543417738300411,0.10178119058837873
elc,pred336,E5_full,123.0,0.6990361883978905,1.0390961795748477,1.12457261780883,0.5915712799167534,0.11636204403948167
elc,pred336,E5_full,42.0,0.7360176562415891,1.1796240766474073,1.1872303079060924,0.5899948804212682,0.11651023591655571
elc,pred336,E5_full,456.0,0.771338363568256,0.9777993617316498,1.0356597752185375,0.5616761481892605,0.11386407457509302
ett,ar_ablation_v2,GD1_no_pos_mask,123.0,0.017330083942594096,0.8125,1.03125,0.28125,0.29944027704135917
ett,ar_ablation_v2,GD1_no_pos_mask,42.0,0.15245737211634905,0.7828947368421053,0.8519736842105263,0.23355263157894737,0.16809966408108878
ett,ar_ablation_v2,GD1_no_pos_mask,456.0,0.08435303306430617,0.6049382716049383,0.6666666666666666,0.08024691358024691,0.21154934042017187
ett,ar_ablation_v2,GD2_no_pos_smooth,123.0,0.8552120776419844,0.6546738399462004,0.7054472091459314,0.21654337592468056,0.25420199303921637
ett,ar_ablation_v2,GD2_no_pos_smooth,42.0,0.854265573298806,0.6571236106433143,0.706972044459414,0.21151902997642305,0.2730870320630539
ett,ar_ablation_v2,GD2_no_pos_smooth,456.0,0.8566498921639109,0.652903658945955,0.7035918093319906,0.21282309499832158,0.2543709362140182
ett,ar_ablation_v2,GD3_no_attr_weight,123.0,0.8561988220083322,0.62751677852349,0.6751677852348993,0.21610738255033557,0.2886382890716615
ett,ar_ablation_v2,GD3_no_attr_weight,42.0,0.8541816611486972,0.6376811594202898,0.688237276710482,0.21435793731041455,0.2770274284922496
ett,ar_ablation_v2,GD3_no_attr_weight,456.0,0.8564854759850445,0.6339825386165212,0.6813297515110812,0.21356615177971794,0.2862190485611886
ett,ar_ablation_v2,GD4_no_causal,123.0,0.3246175243393602,1.2125107112253641,1.4747215081405314,0.3221936589545844,0.28946494301199405
ett,ar_ablation_v2,GD4_no_causal,42.0,0.18690958164642377,1.6227436823104693,6.0324909747292415,0.35379061371841153,0.24127985347242534
ett,ar_ablation_v2,GD4_no_causal,456.0,0.3219696969696969,1.28868778280543,3.9357466063348414,0.28868778280542984,0.33375368408874356
ett,arch_ablation_v2,G0_full,123.0,0.8545899985588702,0.6408094435075885,0.6903878583473861,0.21315345699831367,0.2518637105556839
ett,arch_ablation_v2,G0_full,42.0,0.8545533016832111,0.6609427609427609,0.7158249158249158,0.21212121212121213,0.27542552446359697
ett,arch_ablation_v2,G0_full,456.0,0.8551307847082494,0.654453781512605,0.7045378151260504,0.213109243697479,0.25326816526648543
ett,arch_ablation_v2,GS1_wo_mempos,123.0,0.8525392029923751,0.6412419844751941,0.6918663516706041,0.2153223084711441,0.28192706815001883
ett,arch_ablation_v2,GS1_wo_mempos,42.0,0.8517559009786989,0.6694829334234539,0.724231159175397,0.21358567083474148,0.3063899436317393
ett,arch_ablation_v2,GS1_wo_mempos,456.0,0.8523741007194245,0.6630654962862931,0.7184334908845375,0.21404456448345713,0.2558148253220928
ett,arch_ablation_v2,GS2_wo_sa,123.0,0.8515478761699065,0.6810957051065268,0.7379100439634765,0.21339195130199526,0.2569823098876965
ett,arch_ablation_v2,GS2_wo_sa,42.0,0.8565267395054629,0.6307485733467607,0.6797583081570997,0.2138301443437395,0.2626589532989786
ett,arch_ablation_v2,GS2_wo_sa,456.0,0.8552574953378281,0.6678966789667896,0.718550821871855,0.21704126132170412,0.25897765359515046
ett,arch_ablation_v2,GS3_bare,123.0,0.8364688856729378,0.6771626297577855,0.7283737024221453,0.21591695501730104,0.3093755850532034
ett,arch_ablation_v2,GS3_bare,42.0,0.8554164868364265,0.7117389841910529,0.770602085435587,0.2122435250588631,0.25606998589670177
ett,arch_ablation_v2,GS3_bare,456.0,0.8450500072474271,0.6624356775300172,0.7156089193825043,0.2137221269296741,0.2726274502494652
ett,arch_ablation_v2,GS4_cnn,123.0,0.8552120776419844,0.624747814391392,0.6731674512441157,0.21385339609952925,0.25452912013830603
ett,arch_ablation_v2,GS4_cnn,42.0,0.8536094334196145,0.6920485175202157,0.7520215633423181,0.21226415094339623,0.24242143307189515
ett,arch_ablation_v2,GS4_cnn,456.0,0.8501581823410987,0.6809878213802436,0.7378213802435724,0.2165087956698241,0.24802210381606493
ett,arch_ablation_v2,GS4_lstm,123.0,0.8515478761699065,0.6726411903956713,0.7284409874873182,0.21474467365573216,0.2588000837358675
ett,arch_ablation_v2,GS4_lstm,42.0,0.8453904789299583,0.6440966315073154,0.692752636951344,0.21810139503232392,0.25422083700928955
ett,arch_ablation_v2,GS4_lstm,456.0,0.849374190763919,0.6399051490514905,0.6941056910569106,0.2130758807588076,0.2633184417948617
ett,arch_ablation_v2,GS4_mlp,123.0,0.8500144216902221,0.6844248388191381,0.7380386834068544,0.2151340346114693,0.2479105104214864
ett,arch_ablation_v2,GS4_mlp,42.0,0.8485981308411215,0.7455099966113182,0.8102338190443917,0.2172145035581159,0.24535158933006
ett,arch_ablation_v2,GS4_mlp,456.0,0.8456433929601846,0.6878198567041965,0.7407028317980211,0.21596724667349027,0.25853261009492773
ett,arch_ablation_v2,GS4_scratch,123.0,0.8541457105906021,0.6958277254374159,0.7516823687752355,0.21534320323014805,0.241734613472272
ett,arch_ablation_v2,GS4_scratch,42.0,0.8507698949489135,0.699255751014885,0.7581190798376184,0.21481732070365359,0.2587297947595289
ett,arch_ablation_v2,GS4_scratch,456.0,0.8489643268124281,0.6499491697729584,0.7024737377160285,0.21687563537783802,0.25683764776210044
ett,arch_ablation_v2,GS5_detr,123.0,0.6676125370824196,0.589644513137558,1.3226429675425038,0.2260432766615147,0.23854915676053334
ett,arch_ablation_v2,GS5_detr,42.0,0.7010503635873956,0.6319631194775259,1.3096427199385325,0.2193622742988859,0.251400424700654
ett,arch_ablation_v2,GS5_detr,456.0,0.6668391101914123,0.5729247478665632,2.1710628394103955,0.2191621411947246,0.22917076373710576
ett,grid_search,w1,123.0,0.8513766757964538,0.6596681341009143,0.7091093802912293,0.21503555706061633,0.25311505095711895
ett,grid_search,w1,42.0,0.8562805403851682,0.6314199395770392,0.6787512588116817,0.2138301443437395,0.24989036960651712
ett,grid_search,w1,456.0,0.8551684422689316,0.6282828282828283,0.6774410774410774,0.2138047138047138,0.3226772824465019
ett,grid_search,w2,123.0,0.8551684422689316,0.6558922558922559,0.7070707070707071,0.21582491582491584,0.2997726586606855
ett,grid_search,w2,42.0,0.8531951640759932,0.6740890688259109,0.7226720647773279,0.2149122807017544,0.2569014035272713
ett,grid_search,w2,456.0,0.8463096960926194,0.6973324213406292,0.7537619699042407,0.2137482900136799,0.27953730256261505
ett,grid_search,w3,123.0,0.8455308070581429,0.7167293876154636,0.7718097844680123,0.216900444748546,0.27441084709289143
ett,grid_search,w3,42.0,0.8561574938928007,0.6824437730782141,0.7341389728096677,0.21550855991943604,0.2770558530803762
ett,grid_search,w3,456.0,0.8465210473021842,0.7043745727956254,0.7607655502392344,0.21496924128503075,0.293892101229058
ett,grid_search,w4,123.0,0.8477853123647381,0.7106875425459497,0.768209666439755,0.21613342409802586,0.3031891937311558
ett,grid_search,w4,42.0,0.8541876167217354,0.6770938446014128,0.7285570131180625,0.2125798856374033,0.29566878001099883
ett,grid_search,w4,456.0,0.8479700547077456,0.764685908319185,0.8210526315789474,0.21120543293718166,0.30008837203146516
ett,grid_search,w6,123.0,0.8511921861534042,0.7151535605804927,0.7762402969962875,0.2163347958150523,0.33452530577568595
ett,grid_search,w6,42.0,0.8532912663129212,0.7411764705882353,0.7959663865546218,0.2164705882352941,0.3062613800054156
ett,grid_search,w6,456.0,0.8513940787582639,0.7042538825118163,0.7629979743416611,0.21201890614449695,0.33925097644006263
ett,grid_search,w8,123.0,0.8506540175362943,0.7124028387968908,0.7715444406894221,0.2142615748563704,0.33722458436660147
ett,grid_search,w8,42.0,0.855012189875233,0.740020127474002,0.7946997651794699,0.21502851392150285,0.32547919624984645
ett,grid_search,w8,456.0,0.8528312733544122,0.7590158409167509,0.8169868554095046,0.2106504887091338,0.308036347189467
ett,highweight,G0_hw,42.0,0.8541876167217354,0.6770938446014128,0.7285570131180625,0.2125798856374033,0.29566878001099883
ett,optimal_ablation,G0_full,123.0,0.8513766757964538,0.6596681341009143,0.7091093802912293,0.21503555706061633,0.25311505095711895
ett,optimal_ablation,G0_full,42.0,0.8562805403851682,0.6314199395770392,0.6787512588116817,0.2138301443437395,0.24989036960651712
ett,optimal_ablation,G0_full,456.0,0.8551684422689316,0.6282828282828283,0.6774410774410774,0.2138047138047138,0.3226772824465019
ett,optimal_ablation,GD1_no_pos_mask,123.0,0.8508128326859445,0.634426783902604,0.6807575245180927,0.2140683124788637,0.2728435599790648
ett,optimal_ablation,GD1_no_pos_mask,42.0,0.8571839493743708,0.624496644295302,0.6734899328859061,0.21409395973154363,0.264941154729085
ett,optimal_ablation,GD1_no_pos_mask,456.0,0.8540198475478211,0.6658807679353318,0.7197709666554395,0.21219265746042437,0.24880469500243796
ett,optimal_ablation,GD2_no_pos_smooth,123.0,0.8514137334102713,0.6458827516096238,0.695696374110471,0.2134869535750593,0.26107154825951695
ett,optimal_ablation,GD2_no_pos_smooth,42.0,0.8552120776419844,0.6385339609952926,0.6869535978480161,0.214862138533961,0.25413973404058815
ett,optimal_ablation,GD2_no_pos_smooth,456.0,0.8557457212713936,0.6363025210084033,0.6877310924369748,0.21378151260504202,0.2688628749640239
ett,optimal_ablation,GD3_no_attr_weight,123.0,0.8513766757964538,0.6596681341009143,0.7091093802912293,0.21503555706061633,0.25311505095711895
ett,optimal_ablation,GD3_no_attr_weight,42.0,0.8562805403851682,0.6314199395770392,0.6787512588116817,0.2138301443437395,0.24989036960651712
ett,optimal_ablation,GD3_no_attr_weight,456.0,0.8551684422689316,0.6282828282828283,0.6774410774410774,0.2138047138047138,0.3226772824465019
ett,optimal_ablation,GD4_no_causal,123.0,0.2807542651900629,1.695095948827292,9.84861407249467,0.8869936034115139,0.3445897160702362
ett,optimal_ablation,GD4_no_causal,42.0,0.2142194744976816,1.2352092352092352,12.265512265512266,0.3968253968253968,0.5726265431639829
ett,optimal_ablation,GD4_no_causal,456.0,0.18986021281034846,1.5164835164835164,1.5758241758241758,0.31648351648351647,0.3415829310994608
ett,optimal_ablation,GP1a_wo_has_apex,123.0,0.8567318757192174,0.6259234385493619,0.6732706514439221,0.21356615177971794,0.252222764744548
ett,optimal_ablation,GP1a_wo_has_apex,42.0,0.8555811277330264,0.6381977135171486,0.6879623402824478,0.21351714862138535,0.2562354611726621
ett,optimal_ablation,GP1a_wo_has_apex,456.0,0.8556226632154156,0.6205042016806722,0.6702521008403362,0.21411764705882352,0.2870784034936115
ett,optimal_ablation,GP1b_wo_distance,123.0,0.856156501726122,0.6418010752688172,0.6915322580645161,0.21471774193548387,0.2605835452464021
ett,optimal_ablation,GP1b_wo_distance,42.0,0.8553350589588726,0.6341627437794216,0.6819098856758574,0.21385339609952925,0.2533161639834333
ett,optimal_ablation,GP1b_wo_distance,456.0,0.8536480069074687,0.6304787592717465,0.681726230613621,0.21510451786918408,0.25951932620070156
ett,optimal_ablation,GP1c_wo_phase,123.0,0.8516967509025271,0.6564937266870126,0.707697524584605,0.21397083757205831,0.2598519314859377
ett,optimal_ablation,GP1c_wo_phase,42.0,0.8541846419327006,0.6242424242424243,0.6737373737373737,0.21582491582491584,0.26015792562045376
ett,optimal_ablation,GP1c_wo_phase,456.0,0.8570194384449245,0.6253360215053764,0.675739247311828,0.2133736559139785,0.2676208905664283
ett,optimal_ablation,GP1d_wo_offset,123.0,0.8578826237054086,0.6210596914822267,0.6683433936955063,0.21395036887994634,0.28602953377511875
ett,optimal_ablation,GP1d_wo_offset,42.0,0.8578410234296393,0.6233243967828418,0.6739276139410187,0.2148123324396783,0.2631038294018013
ett,optimal_ablation,GP1d_wo_offset,456.0,0.8580468862361571,0.6288970834730138,0.6788467985249749,0.21320817968488098,0.26119163966234354
ett,optimal_ablation,GP1e_generic_npp,123.0,0.8507698949489135,0.63531799729364,0.6840324763193505,0.21481732070365359,0.27568569002455867
ett,optimal_ablation,GP1e_generic_npp,42.0,0.8593592874586985,0.6522902039451688,0.7084587094617185,0.21397525911066534,0.2553592112601243
ett,optimal_ablation,GP1e_generic_npp,456.0,0.8543074931684165,0.632996632996633,0.6801346801346801,0.21548821548821548,0.2504911666417467
ett,optimal_ablation,GS1_wo_mempos,123.0,0.8392292205924647,0.6477039067854695,0.6970527758738863,0.21761480466072652,0.2781380645053472
ett,optimal_ablation,GS1_wo_mempos,42.0,0.8523316062176166,0.6376224248564674,0.6913204998311381,0.21310368118878756,0.2771761573189362
ett,optimal_ablation,GS1_wo_mempos,456.0,0.851057706144769,0.6652012174501184,0.7169428474805546,0.21575921542103482,0.273511214565772
ett,optimal_ablation,GS2_wo_sa,123.0,0.8575125808770668,0.6465459423205903,0.6978537894030852,0.21093226022803488,0.24654705248105327
ett,optimal_ablation,GS2_wo_sa,42.0,0.8533640023001725,0.6445417789757413,0.6907008086253369,0.21428571428571427,0.2796072363781123
ett,optimal_ablation,GS2_wo_sa,456.0,0.8557042152208314,0.6398789509078682,0.6882985877605918,0.21217215870880968,0.25886959648357033
ett,optimal_ablation,GS3_bare,123.0,0.8347976379086849,0.6369910282953761,0.6825396825396826,0.21704623878536922,0.26486581211124416
ett,optimal_ablation,GS3_bare,42.0,0.8447705366134369,0.6485013623978202,0.6972070844686649,0.2149182561307902,0.2511802842650247
ett,optimal_ablation,GS3_bare,456.0,0.8392292205924647,0.6422206991089787,0.6891706648389307,0.2165867032213845,0.24539603967618043
ett,optimal_ablation,GS4_cnn_fix,123.0,0.3107466551575313,1.276851851851852,1.325925925925926,0.37037037037037035,0.3407429144715035
ett,optimal_ablation,GS4_cnn_fix,42.0,0.24913693901035672,1.2136258660508084,1.2644341801385681,0.40993071593533487,0.3442134309951333
ett,optimal_ablation,GS4_cnn_fix,456.0,0.27046468134081425,1.1829787234042553,1.2319148936170212,0.3723404255319149,0.353550074884163
ett,optimal_ablation,GS4_cnn,123.0,0.3038411739318083,1.2481060606060606,1.2964015151515151,0.38446969696969696,0.32395008402466224
ett,optimal_ablation,GS4_cnn,42.0,0.274492878722486,1.2955974842767295,1.3280922431865827,0.4109014675052411,0.38132802705555546
ett,optimal_ablation,GS4_cnn,456.0,0.25233779312329163,1.2633979475484607,1.3078677309007982,0.42531356898517675,0.3724454697082595
ett,optimal_ablation,GS4_lstm_fix,123.0,0.811573341010508,0.7286271727562965,0.7814827953174884,0.2213550904576091,0.27022474407736885
ett,optimal_ablation,GS4_lstm_fix,42.0,0.24629549705078407,1.2231308411214954,1.2757009345794392,0.4252336448598131,0.3621916339457735
ett,optimal_ablation,GS4_lstm_fix,456.0,0.8023088023088023,0.8089928057553957,0.8575539568345324,0.220863309352518,0.2835246756619732
ett,optimal_ablation,GS4_lstm,123.0,0.25291324989210184,1.2935153583617747,1.329920364050057,0.4197952218430034,0.3747093184949283
ett,optimal_ablation,GS4_lstm,42.0,0.24888505251043017,1.261271676300578,1.3132947976878613,0.43121387283236995,0.38823325913840495
ett,optimal_ablation,GS4_lstm,456.0,0.2589555459646094,1.1555555555555554,1.2222222222222223,0.4022222222222222,0.3948107330619083
ett,optimal_ablation,GS4_scratch,123.0,0.8532757379409647,0.6517043536955788,0.7100911238609517,0.2132973337833277,0.2557563601534898
ett,optimal_ablation,GS4_scratch,42.0,0.8534867002156721,0.6307277628032345,0.6789083557951483,0.2152964959568733,0.2922062394493959
ett,optimal_ablation,GS4_scratch,456.0,0.8520063282036531,0.6377447670492911,0.6866981769074949,0.21539500337609724,0.2571626036863498
ett,optimal_ablation,GS5_detr,123.0,0.6396953831508806,0.6626984126984127,1.1820436507936507,0.23313492063492064,0.23871881874089051
ett,optimal_ablation,GS5_detr,42.0,0.6222150468195027,0.6725480020757655,1.6165023352361183,0.21899325376232487,0.2527663699831451
ett,optimal_ablation,GS5_detr,456.0,0.6613533364588217,0.6531190926275993,1.5883742911153118,0.21313799621928167,0.24570988586073467
ett,p1_ablation,GP1a_wo_has_apex,123.0,0.8524118070554355,0.6662162162162162,0.7182432432432433,0.2125,0.24314774803518704
ett,p1_ablation,GP1a_wo_has_apex,42.0,0.8553332373686483,0.6778862335913833,0.7317401548300235,0.21305957590037025,0.2644841393579954
ett,p1_ablation,GP1a_wo_has_apex,456.0,0.8523836875358989,0.6775606469002695,0.7304582210242587,0.2139487870619946,0.24981387431357172
ett,p1_ablation,GP1b_wo_distance,123.0,0.849624060150376,0.6950306330837305,0.7484683458134785,0.21511232130701158,0.24396136559803486
ett,p1_ablation,GP1b_wo_distance,42.0,0.8534867002156721,0.6495956873315364,0.7018194070080862,0.21327493261455527,0.28076260037840234
ett,p1_ablation,GP1b_wo_distance,456.0,0.8538970376761575,0.6348939036712697,0.6864264061973728,0.2158976086224318,0.25547832632926565
ett,p1_ablation,GP1c_wo_phase,123.0,0.8530682800345721,0.6565349544072948,0.706855791962175,0.21479229989868287,0.25499886520930437
ett,p1_ablation,GP1c_wo_phase,42.0,0.8508366993652625,0.6741268226517464,0.7266870125466259,0.2132926415734147,0.26329481958913836
ett,p1_ablation,GP1c_wo_phase,456.0,0.8573482887546735,0.6366990942636699,0.6876886950687688,0.2146930560214693,0.2534602243359262
ett,p1_ablation,GP1d_wo_offset,123.0,0.8491845865204214,0.6672331747110809,0.7205982324949014,0.2124405166553365,0.24403299410596563
ett,p1_ablation,GP1d_wo_offset,42.0,0.850568100100676,0.6838011498140006,0.7439972945552925,0.21778829895164017,0.26128047263583576
ett,p1_ablation,GP1d_wo_offset,456.0,0.8562796719896418,0.6495295698924731,0.7002688172043011,0.21471774193548387,0.24836466199628038
ett,p1_ablation,GP1e_generic_npp,123.0,0.8460983701139478,0.6883736788271394,0.7446300715990454,0.21752471871803614,0.23631308222588082
ett,p1_ablation,GP1e_generic_npp,42.0,0.84654106141234,0.6986068637444784,0.7570506286102616,0.21406727828746178,0.24926770080857708
ett,p1_ablation,GP1e_generic_npp,456.0,0.8587863100373886,0.6490288010716678,0.7006028131279304,0.21366376423308775,0.24703041595332945
ett,posreg,G0_posreg,42.0,0.8530764807360551,0.6447590158409168,0.694304010785305,0.21469497809234916,0.2741392348640903
ett,pred168,E5_full,123.0,0.8490756302521009,0.6524148851939826,0.6955661124307205,0.21021377672209027,0.2616709021572443
ett,pred168,E5_full,42.0,0.843842074248674,0.6755786113328013,0.7160814046288907,0.20889864325618515,0.2668093087024184
ett,pred168,E5_full,456.0,0.824602510460251,0.7404099857925716,0.7856707935863608,0.21209661051349707,0.2702904738476721
ett,pred336,E5_full,123.0,0.7471412680756396,0.6985469271081467,0.7377322534540257,0.21998570747975227,0.2628636794752403
ett,pred336,E5_full,42.0,0.743649373881932,0.7707481356747654,0.8188597546307433,0.22275679576617755,0.26618001631962246
ett,pred336,E5_full,456.0,0.7601319296977365,0.6842605801236329,0.7278887303851641,0.2230147408464099,0.2719746888301893
wlel,ablation_posreg,G0_highweight,42.0,0.8567297669883325,0.7017268445839875,0.734850863422292,0.42810047095761383,0.08567755974792281
wlel,ablation_posreg,G0_posreg_apex,42.0,0.8510151942987764,0.7168589034602623,0.7436403855269395,0.4420919576552378,0.08469386600917336
wlel,ablation_posreg,G0_posreg_onset,42.0,0.8491529981177737,0.7169886003799874,0.7455668144395187,0.4421310956301457,0.08494149974381432
wlel,ar_ablation_v2,GD1_no_pos_mask,123.0,0.03547579298831385,0.8901960784313725,0.9803921568627451,0.615686274509804,0.04797839319461074
wlel,ar_ablation_v2,GD1_no_pos_mask,42.0,0.46499119890475266,0.6199789695057834,0.6609884332281809,0.42502628811777077,0.06890710504191622
wlel,ar_ablation_v2,GD1_no_pos_mask,456.0,0.22824242424242425,0.6197557089750398,0.6648964418481147,0.40467339352097714,0.06115357823186484
wlel,ar_ablation_v2,GD2_no_pos_smooth,123.0,0.8396125584502339,0.7969607765136447,0.8058715888296603,0.4225475375924895,0.08144508614972787
wlel,ar_ablation_v2,GD2_no_pos_smooth,42.0,0.8355260909681168,0.7549284253578732,0.7973006134969325,0.4214314928425358,0.07513388030828845
wlel,ar_ablation_v2,GD2_no_pos_smooth,456.0,0.8396084337349397,0.8109253974724827,0.8360375050958011,0.41875254790052996,0.07718029583331816
wlel,ar_ablation_v2,GD3_no_attr_weight,123.0,0.8397884198942099,0.82025701724721,0.8586405140344944,0.44090294217111936,0.08163477851661606
wlel,ar_ablation_v2,GD3_no_attr_weight,42.0,0.844890835915518,0.818480735182531,0.863249304443133,0.4717983306635191,0.07435035467935003
wlel,ar_ablation_v2,GD3_no_attr_weight,456.0,0.8311165677648183,0.8087812884694296,0.8425933524825605,0.440951990151826,0.07397687866989211
wlel,ar_ablation_v2,GD4_no_causal,123.0,0.380423926312285,1.250291715285881,7.333138856476079,1.014002333722287,0.17276936106077093
wlel,ar_ablation_v2,GD4_no_causal,42.0,0.23404097387173398,1.2607040913415795,13.634950840469394,0.8626704725658103,0.10778591921500472
wlel,ar_ablation_v2,GD4_no_causal,456.0,0.21867258273248288,1.354751437267501,8.313493405478525,1.0811633412242136,0.16842463785761969
wlel,arch_ablation_v2,G0_full,123.0,0.8459071166054126,0.7080338099375938,0.7356031282091793,0.44687574057982465,0.07709867996352043
wlel,arch_ablation_v2,G0_full,42.0,0.8348019922677719,0.7258010680907877,0.7772029372496663,0.44834779706275035,0.07883060362374321
wlel,arch_ablation_v2,G0_full,456.0,0.8414526729453214,0.688139141637813,0.7279169015218616,0.4237861341492874,0.07446615306691956
wlel,arch_ablation_v2,GS1_wo_mempos,123.0,0.8181724881119359,0.7992975413948821,0.8309081786251882,0.47424318447900987,0.09419439578644641
wlel,arch_ablation_v2,GS1_wo_mempos,42.0,0.8284011647592606,0.7186299354205836,0.7640807651434643,0.46382735224393035,0.0881637231822904
wlel,arch_ablation_v2,GS1_wo_mempos,456.0,0.809655745653529,0.7283771066814955,0.7726922747882625,0.4358798870733168,0.08743923924852108
wlel,arch_ablation_v2,GS2_wo_sa,123.0,0.834272752268353,0.7253027931119717,0.7555409079673725,0.44969926670511656,0.07625933976882751
wlel,arch_ablation_v2,GS2_wo_sa,42.0,0.8457288861266488,0.7315260880215563,0.7764350453172205,0.4432105821833919,0.07378387319016766
wlel,arch_ablation_v2,GS2_wo_sa,456.0,0.8413062061890921,0.7018370996585921,0.7415054462688994,0.42025686880182084,0.07454054516171911
wlel,arch_ablation_v2,GS3_bare,123.0,0.826051282051282,0.7787434814998758,0.788593659465276,0.450624948265872,0.08633799608617367
wlel,arch_ablation_v2,GS3_bare,42.0,0.8439963460432384,0.7812074080012827,0.8028541649963922,0.4513749699350597,0.07640552150251405
wlel,arch_ablation_v2,GS3_bare,456.0,0.8214695153725898,0.7456652287913389,0.7867715469846909,0.4413431447179227,0.07404095171175974
wlel,arch_ablation_v2,GS4_cnn,123.0,0.8466157399182804,0.9524089306698003,1.0395333221420178,0.45618599966426054,0.06865516998809061
wlel,arch_ablation_v2,GS4_cnn,42.0,0.8638385591841163,1.0050238633509168,1.0958720589466633,0.4602696139998325,0.06775962881834288
wlel,arch_ablation_v2,GS4_cnn,456.0,0.8454010353875611,0.9467326566563208,1.0287727539635936,0.4810838016944887,0.06758808463698601
wlel,arch_ablation_v2,GS4_lstm,123.0,0.8598853868194843,0.9780906364545152,1.053315561479507,0.4380206597800733,0.0679684841976885
wlel,arch_ablation_v2,GS4_lstm,42.0,0.8620309443357639,0.9763162237993068,1.0344941409473511,0.45238488199372834,0.07077026539539195
wlel,arch_ablation_v2,GS4_lstm,456.0,0.8589233531669189,0.9545827184784391,1.0275454992621742,0.4278570257419249,0.07176178470531751
wlel,arch_ablation_v2,GS4_mlp,123.0,0.8542266794693979,0.8863447127393839,0.9512073272273106,0.4421315570358035,0.06758468257062572
wlel,arch_ablation_v2,GS4_mlp,42.0,0.8410405649998226,0.9050552789264917,0.9664106675668833,0.4652713309140012,0.06697961996823922
wlel,arch_ablation_v2,GS4_mlp,456.0,0.8583657027765789,0.9505572781362608,1.030000838012235,0.4454035028911422,0.06591434468169452
wlel,arch_ablation_v2,GS4_scratch,123.0,0.8365994642605387,0.9200370744860128,0.9858442871587462,0.46873946747556455,0.06875344757895092
wlel,arch_ablation_v2,GS4_scratch,42.0,0.838310655592861,0.9366779089376054,0.9905564924114671,0.483389544688027,0.0690959674772435
wlel,arch_ablation_v2,GS4_scratch,456.0,0.8396870199006753,0.9465577397668283,0.9994894051570079,0.4594502595523785,0.06869712051951778
wlel,arch_ablation_v2,GS5_detr,123.0,0.8199007643824594,0.7952240758913968,1.4322047759241086,0.4639352306182532,0.08594834061857622
wlel,arch_ablation_v2,GS5_detr,42.0,0.8276154171961033,0.7163215494842926,1.30784977560822,0.4119360680261397,0.09874134250424701
wlel,arch_ablation_v2,GS5_detr,456.0,0.7726726629217131,0.72045721970079,2.0080685829551186,0.42091107749201545,0.1019721896713168
wlel,arch_search,dff128,123.0,0.8412395948249926,0.7115720871085678,0.7293752980448259,0.4167858845970434,0.09023574090833392
wlel,arch_search,dff128,42.0,0.8513838748495788,0.7138594424813506,0.7376521397722812,0.42897526501766786,0.08544717543508273
wlel,arch_search,dff128,456.0,0.8424861785893785,0.6826280623608018,0.705456570155902,0.4239580019090041,0.08887452439673159
wlel,arch_search,dff512,123.0,0.8456353443673252,0.6957619761660485,0.7311183016336517,0.42861652592534133,0.08572946882719358
wlel,arch_search,dff512,42.0,0.8410180247080268,0.7268421897575855,0.7428158612939476,0.42518863380960026,0.08657965661029998
wlel,arch_search,dff512,456.0,0.8447977647684939,0.7021025277580912,0.7250964642885267,0.44279077092684466,0.09241376503123609
wlel,arch_search,dm256,123.0,0.8492850016627868,0.7276998981909312,0.762941498942752,0.4345680946041193,0.09065453803904334
wlel,arch_search,dm256,42.0,0.8436892553120183,0.7495034559466116,0.7662667831890045,0.4312385794867721,0.0947047276309025
wlel,arch_search,dm256,456.0,0.8447012969558497,0.6990453460620525,0.754653937947494,0.42633253778838504,0.08878360578712355
wlel,arch_search,dm64,123.0,0.8392028574289816,0.7211614956245028,0.7402545743834527,0.44216388225934766,0.10138696075254788
wlel,arch_search,dm64,42.0,0.8444206008583691,0.7181543837357052,0.7395171537484116,0.44051778907242695,0.09049782228141054
wlel,arch_search,dm64,456.0,0.8401354840873269,0.6974293469583267,0.7224972058119112,0.4234392463675555,0.0897151693166347
wlel,arch_search,nl2,123.0,0.8387426352893097,0.7091115803150885,0.7239727139840831,0.4428292999837583,0.08819185959944463
wlel,arch_search,nl2,42.0,0.8491556213415864,0.7287061247127803,0.7579431106885349,0.4222327866254655,0.09081935036935902
wlel,arch_search,nl2,456.0,0.8362362226153217,0.7280123667724351,0.7509559840533724,0.41347327312667803,0.09107878949162493
wlel,arch_search,nl3,123.0,0.8509422047924491,0.6912982346508358,0.7120762380877987,0.4436025620996719,0.08960992729901875
wlel,arch_search,nl3,42.0,0.8567297669883325,0.7017268445839875,0.734850863422292,0.42810047095761383,0.08567755974792281
wlel,arch_search,nl3,456.0,0.84147698533131,0.717319868558147,0.724212551094013,0.4186102428468382,0.08844306779392494
wlel,arch_search,nl4,123.0,0.8451385390428211,0.7166587188046416,0.74137656970275,0.4585121602288984,0.09051075850561592
wlel,arch_search,nl4,42.0,0.8512827409972764,0.7044790267793665,0.7293625088869579,0.42151828738446956,0.08747555812465749
wlel,arch_search,nl4,456.0,0.8454292877956224,0.7056748957999359,0.7193010580314203,0.432189804424495,0.08416264464586264
wlel,combined,G0_AC,42.0,0.8443253874063273,0.7088353413654619,0.7349397590361446,0.4300401606425703,0.08556686546179604
wlel,count_head,G0_count_cond,123.0,0.841592146843273,0.7079971239114804,0.741791164016937,0.4611328593113366,0.0825565553299093
wlel,count_head,G0_count_cond,42.0,0.8467599510936014,0.69637413765442,0.7344777795604043,0.44697577410556716,0.08115466033775702
wlel,count_head,G0_count_cond,456.0,0.8473095505989806,0.7312138728323699,0.7563661927823777,0.43446336509920325,0.08547118027880068
wlel,count_head,G0_count,42.0,0.8419314620750075,0.746578083726887,0.7827583446730169,0.4360842071560074,0.0911656207345482
wlel,count_head,G0_count_w01,42.0,0.8459255261737723,0.7035885167464114,0.7446570972886762,0.4525518341307815,0.08717555944218809
wlel,grid_search,w1,123.0,0.8339095654531896,0.7422160799934965,0.7747337614828063,0.4375254044386635,0.08148281103108078
wlel,grid_search,w1,42.0,0.8495726495726497,0.7359356136820926,0.7642655935613683,0.41488933601609657,0.0872193936369283
wlel,grid_search,w1,456.0,0.8439482881476705,0.7200868446445803,0.7561917015117401,0.4270665808941782,0.08217789043832527
wlel,grid_search,w2,123.0,0.8283951038221555,0.7371583799802437,0.7773296015805071,0.45192624300296347,0.08485534359197155
wlel,grid_search,w2,42.0,0.8513243800953959,0.7193832949217198,0.7448144321703887,0.4460780418024319,0.08301671201178713
wlel,grid_search,w2,456.0,0.8321929408576655,0.6962715727775969,0.713529794855096,0.4133018560729404,0.07965316502318569
wlel,grid_search,w3,123.0,0.829761864204681,0.7378879947446214,0.7747577598948925,0.45344063064542617,0.08750552336134991
wlel,grid_search,w3,42.0,0.8518356201328253,0.7255026119993668,0.7538388475542188,0.4469684977046066,0.08484051568587202
wlel,grid_search,w3,456.0,0.8398064776239753,0.7052328372539607,0.7188350136021764,0.43238918226916306,0.08394817335967147
wlel,grid_search,w4,123.0,0.8509422047924491,0.6912982346508358,0.7120762380877987,0.4436025620996719,0.08960992729901875
wlel,grid_search,w4,42.0,0.8567297669883325,0.7017268445839875,0.734850863422292,0.42810047095761383,0.08567755974792281
wlel,grid_search,w4,456.0,0.84147698533131,0.717319868558147,0.724212551094013,0.4186102428468382,0.08844306779392494
wlel,grid_search,w6,123.0,0.8497354145172562,0.7066426445245183,0.7244242519191603,0.4649851167162776,0.09476843914445815
wlel,grid_search,w6,42.0,0.8522841618031798,0.7072805981896891,0.7397087760724125,0.4325068870523416,0.09163419109925411
wlel,grid_search,w6,456.0,0.8390177815410669,0.7191990957532698,0.7197642499596318,0.41902147585984173,0.09186052743104049
wlel,grid_search,w8,123.0,0.8511146496815287,0.7113345806049267,0.7271593389460556,0.4603211724352978,0.09858180932005596
wlel,grid_search,w8,42.0,0.8520137475391236,0.754053418970784,0.7725385760162921,0.43001488211796035,0.09371998572256332
wlel,grid_search,w8,456.0,0.8377294357579878,0.717114339040818,0.7223078795747788,0.42278665909275337,0.09498187724386957
wlel,highweight,G0_hw,123.0,0.8509422047924491,0.6912982346508358,0.7120762380877987,0.4436025620996719,0.08960992729901875
wlel,highweight,G0_hw,456.0,0.84147698533131,0.717319868558147,0.724212551094013,0.4186102428468382,0.08844306779392494
wlel,hparam_search,arch_dff128,,0.8513838748495788,0.7138594424813506,0.7376521397722812,0.42897526501766786,0.08544717543508273
wlel,hparam_search,arch_dff512,,0.8410180247080268,0.7268421897575855,0.7428158612939476,0.42518863380960026,0.08657965661029998
wlel,hparam_search,arch_dmodel256,,0.8436892553120183,0.7495034559466116,0.7662667831890045,0.4312385794867721,0.0947047276309025
wlel,hparam_search,arch_dmodel64,,0.8444206008583691,0.7181543837357052,0.7395171537484116,0.44051778907242695,0.09049782228141054
wlel,hparam_search,arch_nlayers2,,0.8491556213415864,0.7287061247127803,0.7579431106885349,0.4222327866254655,0.09081935036935902
wlel,hparam_search,arch_nlayers3,,0.8567297669883325,0.7017268445839875,0.734850863422292,0.42810047095761383,0.08567755974792281
wlel,hparam_search,arch_nlayers4,,0.8512827409972764,0.7044790267793665,0.7293625088869579,0.42151828738446956,0.08747555812465749
wlel,hparam_search,train_drop01,,0.8506836334100447,0.6966104392106939,0.732733927434755,0.4407224697644812,0.08680445294912177
wlel,hparam_search,train_drop03,,0.8559122417390134,0.7476804529013996,0.7608900770561409,0.4403208051580437,0.0831781943071258
wlel,hparam_search,train_lr1e-3,,0.8505450470336537,0.7601213766669328,0.7946179030583725,0.4423860097420746,0.08624041959294404
wlel,hparam_search,train_lr1e-4,,0.8407271740605075,0.7507664999193158,0.7790866548329837,0.44021300629336774,0.09363077025892652
wlel,hparam_search,train_lr3e-4,,0.8511082665229401,0.7056122852845722,0.7307052956542389,0.4325971661521412,0.08756230361962143
wlel,hparam_search,train_ls0,,0.8502133091470994,0.7618332674832082,0.7952587909917029,0.43674436981430265,0.09548145630525223
wlel,hparam_search,train_ls005,,0.8518206054061351,0.7330639410506299,0.7613501307344901,0.44410110133903813,0.08932010000975908
wlel,hparam_search,train_ls02,,0.85387088132869,0.7309019607843137,0.7594509803921569,0.4243921568627451,0.09444224783395871
wlel,hw_ablation,G0_full,123.0,0.8509422047924491,0.6912982346508358,0.7120762380877987,0.4436025620996719,0.08960992729901875
wlel,hw_ablation,G0_full,42.0,0.8567297669883325,0.7017268445839875,0.734850863422292,0.42810047095761383,0.08567755974792281
wlel,hw_ablation,G0_full,456.0,0.84147698533131,0.717319868558147,0.724212551094013,0.4186102428468382,0.08844306779392494
wlel,hw_ablation,GD1_no_pos_mask,123.0,0.8328627504992768,0.7234165702000992,0.7273854804035059,0.39151645444021826,0.08370399774189806
wlel,hw_ablation,GD1_no_pos_mask,42.0,0.8514711809754132,0.7153451676528599,0.7471400394477318,0.41072978303747537,0.09193880533345503
wlel,hw_ablation,GD1_no_pos_mask,456.0,0.8296460176991151,0.71225,0.7265,0.40891666666666665,0.08667170860926471
wlel,hw_ablation,GD2_no_pos_smooth,123.0,0.839171222244719,0.8184011581148464,0.8299018819366254,0.4180472896895609,0.103041063176624
wlel,hw_ablation,GD2_no_pos_smooth,42.0,0.8446632232121191,0.8708035787572848,0.8970696872691455,0.41878026758598047,0.09102917821770164
wlel,hw_ablation,GD2_no_pos_smooth,456.0,0.8412258198710394,0.7941152229456854,0.8225500700568696,0.418198302151158,0.08942287193751547
wlel,hw_ablation,GD3_no_attr_weight,123.0,0.8413854717888806,0.8603283508943886,0.8989626725475782,0.47619047619047616,0.08474105673202217
wlel,hw_ablation,GD3_no_attr_weight,42.0,0.8479285021477068,0.8232698749897868,0.8647765340305581,0.44260151973200423,0.08173569426039447
wlel,hw_ablation,GD3_no_attr_weight,456.0,0.8344784509681449,0.7650532268795742,0.8098802395209581,0.4431137724550898,0.0814637319967013
wlel,hw_ablation,GD4_no_causal,123.0,0.3284363050915677,1.2541666666666667,6.3178921568627455,0.408578431372549,0.29032573618772883
wlel,hw_ablation,GD4_no_causal,42.0,0.32490468469258077,1.370650121391961,23.07553277582951,0.4035608308605341,0.1644982696529012
wlel,hw_ablation,GD4_no_causal,456.0,0.0,,,,
wlel,hw_ablation,GS1_wo_mempos,123.0,0.8333614722269119,0.7452998379254457,0.7731766612641815,0.44035656401944895,0.08780141790222766
wlel,hw_ablation,GS1_wo_mempos,42.0,0.8306867535287731,0.7512458132505514,0.7712605179315415,0.4250469732864962,0.08412851821800416
wlel,hw_ablation,GS1_wo_mempos,456.0,0.8326086212209401,0.7954601529731063,0.8286043260136524,0.42626860761575786,0.08828449257370832
wlel,hw_ablation,GS2_wo_sa,123.0,0.8440256615878108,0.734362628661916,0.7665083135391924,0.44924782264449725,0.08789243167772215
wlel,hw_ablation,GS2_wo_sa,42.0,0.8461331177580168,0.7304936305732485,0.7539808917197452,0.42428343949044584,0.08383497807680816
wlel,hw_ablation,GS2_wo_sa,456.0,0.8488572947116663,0.6758237457932222,0.6957814823510996,0.39500665257885265,0.08794604649831796
wlel,hw_ablation,GS3_bare,123.0,0.8268343528929292,0.7848226833099116,0.7897825907249731,0.463007357195999,0.09482691318959138
wlel,hw_ablation,GS3_bare,42.0,0.8220424671385238,0.8037720377203772,0.81230012300123,0.43370233702337024,0.09179842869530903
wlel,hw_ablation,GS3_bare,456.0,0.827325367339425,0.7814548102597297,0.7912452463791569,0.4104701027591229,0.08574832048821425
wlel,hw_ablation,GS4_cnn,123.0,0.8478409131698912,1.0169348010160881,1.043099068585944,0.41380186282811177,0.07761251903295352
wlel,hw_ablation,GS4_cnn,42.0,0.8318073319320247,0.9869796128148022,1.0074524584546856,0.4198218262806236,0.0789075651240536
wlel,hw_ablation,GS4_cnn,456.0,0.8430795418277245,1.0058887860688146,1.0392866156305207,0.4194498191301422,0.07785849893094644
wlel,hw_ablation,GS4_lstm,123.0,0.8406645737063037,0.9643336690164485,1.0211480362537764,0.44486404833836857,0.07613542862947695
wlel,hw_ablation,GS4_lstm,42.0,0.8236277514628031,1.0027063599458728,1.0565798376184032,0.43766914749661706,0.07689350558522616
wlel,hw_ablation,GS4_lstm,456.0,0.8372695147125713,0.9633932302549102,1.035185959047221,0.4463017133305474,0.07302441888999628
wlel,hw_ablation,GS4_scratch,123.0,0.8533342712436691,0.8976176737284642,0.966532025389498,0.4542082268568131,0.07825441427973369
wlel,hw_ablation,GS4_scratch,42.0,0.856678445229682,0.9561953473024254,1.0306055106418084,0.4622174558653688,0.07651898786153918
wlel,hw_ablation,GS4_scratch,456.0,0.8660604748502562,1.019748354303808,1.101491542371469,0.48195983668027664,0.07641173670844059
wlel,hw_ablation,GS5_detr,123.0,0.7809145129224652,0.7513577732518669,1.463509843856076,0.4363543788187373,0.09855044290362651
wlel,hw_ablation,GS5_detr,42.0,0.7865908618179297,0.7473776994270603,1.229792860290877,0.44944909651829,0.09141579030285638
wlel,hw_ablation,GS5_detr,456.0,0.7915887543876914,0.7465395772896809,1.2382096974720265,0.4358060505594695,0.10648264888417341
wlel,hw_focal,G0_hw_focal,42.0,0.8559411146161935,0.7053182214472538,0.7450265514781644,0.4440833795672505,0.08606969739331458
wlel,hw_p1_ablation,G0_full,123.0,0.8509422047924491,0.6912982346508358,0.7120762380877987,0.4436025620996719,0.08960992729901875
wlel,hw_p1_ablation,G0_full,42.0,0.8567297669883325,0.7017268445839875,0.734850863422292,0.42810047095761383,0.08567755974792281
wlel,hw_p1_ablation,G0_full,456.0,0.84147698533131,0.717319868558147,0.724212551094013,0.4186102428468382,0.08844306779392494
wlel,hw_p1_ablation,GP1a_wo_has_apex,123.0,0.8363334830528971,0.7069321655787821,0.7123027348591259,0.4564157646864414,0.08837547712157162
wlel,hw_p1_ablation,GP1a_wo_has_apex,42.0,0.8348937640352393,0.728626996606803,0.7607382272614417,0.4268807415376976,0.08899599971868051
wlel,hw_p1_ablation,GP1a_wo_has_apex,456.0,0.8338762214983713,0.7175986842105263,0.7344572368421053,0.4055921052631579,0.08953626947097121
wlel,hw_p1_ablation,GP1b_wo_distance,123.0,0.831851950119395,0.7049677059245674,0.7371820428992903,0.4391196874252452,0.08703927491951981
wlel,hw_p1_ablation,GP1b_wo_distance,42.0,0.8325336216800703,0.7104472765646562,0.7275752902021267,0.4501177043591201,0.0918758932593922
wlel,hw_p1_ablation,GP1b_wo_distance,456.0,0.8380229168079192,0.7049352750809061,0.7253236245954693,0.4122168284789644,0.08587058271444727
wlel,hw_p1_ablation,GP1c_wo_phase,123.0,0.8519061583577713,0.6923799092473791,0.7160851196995776,0.4274761383195118,0.08820384927032425
wlel,hw_p1_ablation,GP1c_wo_phase,42.0,0.8435737206552948,0.6883959317690398,0.7149034996396252,0.39953551693761513,0.08537830394110348
wlel,hw_p1_ablation,GP1c_wo_phase,456.0,0.842690078534929,0.6932280644636172,0.6989256063812469,0.4376526127299365,0.08837384514677349
wlel,hw_p1_ablation,GP1d_wo_offset,123.0,0.8483672149010795,0.7343662197960986,0.7809263867704905,0.4684916111423296,0.08531250866032167
wlel,hw_p1_ablation,GP1d_wo_offset,42.0,0.8343896390190134,0.7778236459709379,0.8271961690885072,0.413721928665786,0.0955664729188238
wlel,hw_p1_ablation,GP1d_wo_offset,456.0,0.836521313424485,0.7532814982024915,0.7881448039461584,0.4774684390937213,0.08409299232930308
wlel,hw_p1_ablation,GP1e_generic_npp,123.0,0.8493224025430818,0.7144433062800409,0.782680639823497,0.436687416279253,0.08097016666822901
wlel,hw_p1_ablation,GP1e_generic_npp,42.0,0.845293663319789,0.8164627363737486,0.87780073097092,0.4569362784045765,0.07724183086731619
wlel,hw_p1_ablation,GP1e_generic_npp,456.0,0.8488608554785785,0.8513074549293487,0.9124573656001299,0.4796166964430729,0.07519800132899652
wlel,hw_posreg,G0_hw_pr,42.0,0.8565073801981532,0.7272584198929808,0.7637708530059805,0.45530374567201765,0.08648506484737412
wlel,hw_pred168,E5_full,123.0,0.8304987359227763,0.7326691573266916,0.7221530372215303,0.4402010977353443,0.09885822605562046
wlel,hw_pred168,E5_full,42.0,0.8269141170989284,0.7132594609822519,0.7279087238238332,0.4560991642407738,0.09827242290851779
wlel,hw_pred168,E5_full,456.0,0.8326840818820653,0.7014172361601615,0.7001330092189149,0.4225565289180388,0.09515275383917929
wlel,joint_pretrain,s42,,0.8421016507086723,0.7480642269133588,0.7985165865188687,0.46099926644388295,0.07353581411098464
wlel,p1_ablation,GP1a_wo_has_apex,123.0,0.8456100188526797,0.677920216577753,0.6988613743132415,0.4236006051437216,0.07722971037481269
wlel,p1_ablation,GP1a_wo_has_apex,42.0,0.8414858153615893,0.717277063626809,0.7814698035411108,0.4412644514512087,0.07552375883631575
wlel,p1_ablation,GP1a_wo_has_apex,456.0,0.8227399428748409,0.7508783670737829,0.8007361552618371,0.42211811945792205,0.0720944444305767
wlel,p1_ablation,GP1b_wo_distance,123.0,0.8484643256239206,0.6902139208173691,0.7269316730523627,0.42161558109833974,0.07753155384933533
wlel,p1_ablation,GP1b_wo_distance,42.0,0.825914833557093,0.7252417472490831,0.7605035011670557,0.41938979659886627,0.07481498652305159
wlel,p1_ablation,GP1b_wo_distance,456.0,0.8362803543161227,0.7057591623036649,0.7344341522351994,0.43536045106725735,0.07291608662668848
wlel,p1_ablation,GP1c_wo_phase,123.0,0.8449897750511247,0.7146660212971926,0.7578251048725395,0.4223943207486286,0.07931920327143055
wlel,p1_ablation,GP1c_wo_phase,42.0,0.8399313893653517,0.6926155856886129,0.7325600392092795,0.4160267930076785,0.07763691193855041
wlel,p1_ablation,GP1c_wo_phase,456.0,0.8370693444230314,0.6822845140964536,0.7154051215768641,0.4293561677033686,0.07104325127747188
wlel,p1_ablation,GP1d_wo_offset,123.0,0.8383316575945637,0.7631100082712986,0.8092638544251447,0.46799007444168733,0.07277383991411522
wlel,p1_ablation,GP1d_wo_offset,42.0,0.8464318909428896,0.7433707499593297,0.7898975109809663,0.5014641288433382,0.07335347237160336
wlel,p1_ablation,GP1d_wo_offset,456.0,0.8395095275296355,0.7504450558342773,0.8065220909532287,0.48575821330312347,0.0701638096934154
wlel,p1_ablation,GP1e_generic_npp,123.0,0.8462017004216493,0.8805750694330992,0.9442084626694984,0.4597288024832544,0.06699741825384832
wlel,p1_ablation,GP1e_generic_npp,42.0,0.8423070221292909,0.8531237070748863,0.9303268514687629,0.49499379395945386,0.0669564358817414
wlel,p1_ablation,GP1e_generic_npp,456.0,0.8382159429323359,0.7650169379492687,0.8221928447492357,0.47591506238122777,0.0720362407935816
wlel,posreg,G0_posreg,123.0,0.848409609448396,0.7062406074507632,0.7355849086451001,0.4550344063908882,0.08408259050356773
wlel,posreg,G0_posreg,42.0,0.8513282063337474,0.7151084812623274,0.7426429980276135,0.43984220907297833,0.08495585128083977
wlel,posreg,G0_posreg,456.0,0.852513700262092,0.7219516090393676,0.7666693284356784,0.4406292421943624,0.08246279884926007
wlel,posreg,G0_posreg_w01,42.0,0.851592956042479,0.7179163378058405,0.7471191791633781,0.4434885556432518,0.08476640383257773
wlel,posreg,G0_posreg_w05,42.0,0.8487352615136552,0.7123406950051453,0.7391751761260191,0.4376632628829257,0.08433359340210807
wlel,pred168,E5_full,123.0,0.8322137286696009,0.7119131564297644,0.7261087400259788,0.43333642605307104,0.08554588140229935
wlel,pred168,E5_full,42.0,0.8275326591222315,0.6801932820416589,0.7181459936198161,0.4392944267217114,0.08506554958358054
wlel,pred168,E5_full,456.0,0.8317406275389795,0.6946692715601451,0.7265327007163457,0.4171550841938785,0.08127025589069091
wlel,pred168_hybrid,TG1_triplet_guided,123.0,0.8502115002028084,0.7313826162024626,0.7700940524330956,0.4435912581216775,0.09517361250425871
wlel,pred168_hybrid,TG1_triplet_guided,42.0,0.8554946201871074,0.704582760303447,0.7420700057672686,0.44749567454860034,0.11599516689925785
wlel,pred168_hybrid,TG1_triplet_guided,456.0,0.8330058939096266,0.7025,0.7341509433962264,0.44433962264150945,0.09375433899401715
wlel,pred336,E5_full,123.0,0.7950858684012216,0.8256802933180356,0.8508467812336318,0.445065223355698,0.09749773139686746
wlel,pred336,E5_full,42.0,0.7926307191150564,0.7526446486218028,0.7585050906381922,0.4355351378197169,0.09291895877121031
wlel,pred336,E5_full,456.0,0.7953166088408508,0.722486233687863,0.7288476528123508,0.44869377184380577,0.09744190508322625
wlel,pred336_crossatt_int,QT1_quad_crossatt,42.0,0.801974262648869,0.7976777794388797,0.8139731898141227,0.475108386903872,0.10987506839231345
wlel,pred336_hist_intensity,ID12_HIA,42.0,0.8331625433074709,0.6820194447698255,0.7079536136816211,0.41871851938620125,
wlel,pred336_hist_intensity,ID13_HIA_fix,42.0,0.8331625433074709,0.6820194447698255,0.7079536136816211,0.41871851938620125,
wlel,pred336_hist_intensity,ID14_HIA,42.0,0.8331625433074709,0.6820194447698255,0.7079536136816211,0.41871851938620125,
wlel,pred336_hist_intensity,ID15_HIA,42.0,0.8474089595095359,0.6883556939420303,0.7308713768945464,0.42346261275699437,0.10438927117765455
wlel,pred336_hist_intensity,ID16_HIA_intw2,42.0,0.8451151860698051,0.7009230769230769,0.7430655270655271,0.4231111111111111,0.11460075693860709
wlel,pred336_hybrid,TG1_triplet_guided,123.0,0.8480249641431175,0.6926839302447833,0.7380751034214796,0.46314538431650404,0.11391350628473415
wlel,pred336_hybrid,TG1_triplet_guided,42.0,0.8234498217837779,0.7306013341181087,0.7591475377673141,0.45384539925446343,5090.280260909179
wlel,pred336_hybrid,TG1_triplet_guided,456.0,0.8184070083576678,0.8003100546286727,0.8228751414931837,0.4263743294453467,0.10900815368643946
wlel,pred336_independent_dense,ID10_span_max,42.0,0.8399735686244023,0.7186950485886164,0.7425266080518279,0.42651550208236927,0.10637647894392492
wlel,pred336_independent_dense,ID11_intensity_decoder,42.0,0.8444289599241259,0.7349118665046874,0.753890939097348,0.4449308914204506,0.14189994740324227
wlel,pred336_independent_dense,ID1,42.0,0.8388216248703457,0.7054500069338511,0.7204271252253501,0.41954421485693155,0.10057489082778792
wlel,pred336_independent_dense,ID2_apex5,42.0,0.8373475831916444,0.698227049104242,0.7177202264921563,0.4173628515733779,0.1045305496499363
wlel,pred336_independent_dense,ID3_mape1,42.0,0.8388922814465867,0.7058211817992743,0.720195040787558,0.4198229843089224,0.09980897893460548
wlel,pred336_independent_dense,ID4_mape5,42.0,0.8363768172734042,0.8197109190151568,0.8218192892449692,0.44025113032070656,0.09647701675586642
wlel,pred336_independent_dense,ID5_temporal,42.0,0.8369174927796424,0.7038729684986126,0.7299647911954672,0.42479072912537597,0.10167933772610711
wlel,pred336_independent_dense,ID7_apex_int_head_,,0.804276599413692,0.9080617495711836,0.9422813036020583,0.45454545454545453,0.08675166060415156
wlel,pred336_independent_dense,ID7_apex_int_head,42.0,0.8246021446622497,0.8790689969353102,0.9159281040337944,0.4553135094839725,0.08914760572427893
wlel,pred336_independent_dense,ID8_apex_int_full,42.0,0.8399735686244023,0.7186950485886164,0.7425266080518279,0.42651550208236927,0.09882731376355823
wlel,pred336_independent_dense,ID9_int_w2,42.0,0.8396182929101732,0.7898142740334073,0.8057002686602033,0.43296343885060157,0.0960142744943029
wlel,pred96_hybrid,TG1_triplet_guided,123.0,0.8527846027846029,0.7144457783113245,0.7715886354541817,0.4602641056422569,0.08504052621754286
wlel,pred96_hybrid,TG1_triplet_guided,42.0,0.845402103834408,0.7492173075379305,0.78750903106687,0.397447218431404,0.094885019230485
wlel,pred96_hybrid,TG1_triplet_guided,456.0,0.8392820722006935,0.7019036046982584,0.7362494937221548,0.44852166869177806,0.0869264681909374
wlel,qbridge,G0_qbridge_posreg,123.0,0.8361675083307568,0.7287592440427281,0.7614626129827444,0.508874281018899,0.09361037872129474
wlel,qbridge,G0_qbridge_posreg,42.0,0.8445041114280921,0.6870678006517765,0.7105953421826564,0.4501232016532867,0.08689690348500406
wlel,qbridge,G0_qbridge_posreg,456.0,0.8298451305136562,0.7012387660918145,0.7192130191887297,0.4338919925512104,0.0844935114370249
wlel,qbridge,G0_qbridge,42.0,0.8438872744475231,0.6912789300872908,0.7168254985184592,0.43797549451429485,0.10459654518877996
wlel,train_search,drop01,123.0,0.8433322136378905,0.7258822592209033,0.7520114713614275,0.4255556440691468,0.08790795827939167
wlel,train_search,drop01,42.0,0.8506836334100447,0.6966104392106939,0.732733927434755,0.4407224697644812,0.08680445294912177
wlel,train_search,drop01,456.0,0.8385175156540869,0.724065552595463,0.7628158553322031,0.42932106240413337,0.0888222804705648
wlel,train_search,drop03,123.0,0.8354541170133979,0.718671931662503,0.731485212345878,0.46119751793053426,0.08885431446291321
wlel,train_search,drop03,42.0,0.8559122417390134,0.7476804529013996,0.7608900770561409,0.4403208051580437,0.0831781943071258
wlel,train_search,drop03,456.0,0.8333951012432196,0.6813551099611902,0.6969598965071151,0.419388745148771,0.08698831165016331
wlel,train_search,lr1e-3,123.0,0.8353212252642993,0.7266753204608145,0.7489047541781599,0.44458867434690896,0.08915704506662434
wlel,train_search,lr1e-3,42.0,0.8505450470336537,0.7601213766669328,0.7946179030583725,0.4423860097420746,0.08624041959294404
wlel,train_search,lr1e-3,456.0,0.8436044732995683,0.7118220646305101,0.7362398259327907,0.42485292932548957,0.08924040123329162
wlel,train_search,lr1e-4,123.0,0.8424191656893951,0.7312067456845119,0.755468936441015,0.4702887598440856,0.09894533473537662
wlel,train_search,lr1e-4,42.0,0.8407271740605075,0.7507664999193158,0.7790866548329837,0.44021300629336774,0.09363077025892652
wlel,train_search,lr1e-4,456.0,0.8413937611950387,0.7399582262210797,0.7679948586118251,0.43227827763496146,0.09594160836549098
wlel,train_search,lr3e-4,123.0,0.844042212129308,0.720819814829469,0.7295244124396613,0.4471789190472422,0.09282814064435434
wlel,train_search,lr3e-4,42.0,0.8511082665229401,0.7056122852845722,0.7307052956542389,0.4325971661521412,0.08756230361962143
wlel,train_search,lr3e-4,456.0,0.8401245521813373,0.6983899250757214,0.7167224613422605,0.43208990913438544,0.08683244970937663
wlel,train_search,lr5e-4,123.0,0.8509422047924491,0.6912982346508358,0.7120762380877987,0.4436025620996719,0.08960992729901875
wlel,train_search,lr5e-4,42.0,0.8567297669883325,0.7017268445839875,0.734850863422292,0.42810047095761383,0.08567755974792281
wlel,train_search,lr5e-4,456.0,0.84147698533131,0.717319868558147,0.724212551094013,0.4186102428468382,0.08844306779392494
wlel,train_search,ls005,123.0,0.8319179292071471,0.7383421804818293,0.775990200081666,0.46402613311555735,0.08975340574027238
wlel,train_search,ls005,42.0,0.8518206054061351,0.7330639410506299,0.7613501307344901,0.44410110133903813,0.08932010000975908
wlel,train_search,ls005,456.0,0.8421335483004165,0.7084396936821953,0.7137045309508615,0.4192724952137843,0.08816127400931535
wlel,train_search,ls02,123.0,0.8477223427331887,0.6971891977009684,0.7124635855444453,0.4402802928903236,0.08954661344812596
wlel,train_search,ls02,42.0,0.85387088132869,0.7309019607843137,0.7594509803921569,0.4243921568627451,0.09444224783395871
wlel,train_search,ls02,456.0,0.8362141581589676,0.6923200902570715,0.7080344910951729,0.4159883955193811,0.08709091884880361
wlel,train_search,ls0,123.0,0.841089862920968,0.7209657947686117,0.7601609657947687,0.45682092555331993,0.09121859870351483
wlel,train_search,ls0,42.0,0.8502133091470994,0.7618332674832082,0.7952587909917029,0.43674436981430265,0.09548145630525223
wlel,train_search,ls0,456.0,0.8457351499374556,0.7238567316917173,0.7573552926127278,0.43212344099776145,0.08626051672524816
